id,sport_key,sport_title,commence_time,home_team,away_team,bookmakers
bbde7751a144b98ed150d7a5f7dc8f87,basketball_nba,NBA,2025-10-21T23:30:00Z,Oklahoma City Thunder,Houston Rockets,"[{'key': 'draftkings', 'title': 'DraftKings', 'last_update': '2025-10-06T02:15:41Z', 'markets': [{'key': 'h2h', 'last_update': '2025-10-06T02:15:41Z', 'outcomes': [{'name': 'Houston Rockets', 'price': 260}, {'name': 'Oklahoma City Thunder', 'price': -325}]}, {'key': 'spreads', 'last_update': '2025-10-06T02:15:41Z', 'outcomes': [{'name': 'Houston Rockets', 'price': -110, 'point': 8.0}, {'name': 'Oklahoma City Thunder', 'price': -110, 'point': -8.0}]}]}, {'key': 'fanduel', 'title': 'FanDuel', 'last_update': '2025-10-06T02:14:06Z', 'markets': [{'key': 'h2h', 'last_update': '2025-10-06T02:14:06Z', 'outcomes': [{'name': 'Houston Rockets', 'price': 245}, {'name': 'Oklahoma City Thunder', 'price': -300}]}, {'key': 'spreads', 'last_update': '2025-10-06T02:14:06Z', 'outcomes': [{'name': 'Houston Rockets', 'price': -114, 'point': 8.5}, {'name': 'Oklahoma City Thunder', 'price': -106, 'point': -8.5}]}]}, {'key': 'mybookieag', 'title': 'MyBookie.ag', 'last_update': '2025-10-06T02:15:34Z', 'markets': [{'key': 'h2h', 'last_update': '2025-10-06T02:15:34Z', 'outcomes': [{'name': 'Houston Rockets', 'price': 242}, {'name': 'Oklahoma City Thunder', 'price': -333}]}, {'key': 'spreads', 'last_update': '2025-10-06T02:15:34Z', 'outcomes': [{'name': 'Houston Rockets', 'price': -110, 'point': 8.0}, {'name': 'Oklahoma City Thunder', 'price': -110, 'point': -8.0}]}]}, {'key': 'lowvig', 'title': 'LowVig.ag', 'last_update': '2025-10-06T02:15:32Z', 'markets': [{'key': 'spreads', 'last_update': '2025-10-06T02:15:32Z', 'outcomes': [{'name': 'Houston Rockets', 'price': -106, 'point': 8.0}, {'name': 'Oklahoma City Thunder', 'price': -106, 'point': -8.0}]}]}, {'key': 'bovada', 'title': 'Bovada', 'last_update': '2025-10-06T02:15:01Z', 'markets': [{'key': 'h2h', 'last_update': '2025-10-06T02:15:01Z', 'outcomes': [{'name': 'Houston Rockets', 'price': 260}, {'name': 'Oklahoma City Thunder', 'price': -320}]}, {'key': 'spreads', 'last_update': '2025-10-06T02:15:01Z', 'outcomes': [{'name': 'Houston Rockets', 'price': -115, 'point': 8.0}, {'name': 'Oklahoma City Thunder', 'price': -105, 'point': -8.0}]}]}, {'key': 'betonlineag', 'title': 'BetOnline.ag', 'last_update': '2025-10-06T02:15:32Z', 'markets': [{'key': 'spreads', 'last_update': '2025-10-06T02:15:32Z', 'outcomes': [{'name': 'Houston Rockets', 'price': -110, 'point': 8.0}, {'name': 'Oklahoma City Thunder', 'price': -110, 'point': -8.0}]}]}, {'key': 'betrivers', 'title': 'BetRivers', 'last_update': '2025-10-06T02:15:50Z', 'markets': [{'key': 'h2h', 'last_update': '2025-10-06T02:15:50Z', 'outcomes': [{'name': 'Houston Rockets', 'price': 255}, {'name': 'Oklahoma City Thunder', 'price': -335}]}, {'key': 'spreads', 'last_update': '2025-10-06T02:15:50Z', 'outcomes': [{'name': 'Houston Rockets', 'price': -112, 'point': 8.0}, {'name': 'Oklahoma City Thunder', 'price': -113, 'point': -8.0}]}]}]"
df4b9f35b66ef20724b6b3e81081ddfd,basketball_nba,NBA,2025-10-22T02:00:00Z,Los Angeles Lakers,Golden State Warriors,"[{'key': 'draftkings', 'title': 'DraftKings', 'last_update': '2025-10-06T02:15:41Z', 'markets': [{'key': 'h2h', 'last_update': '2025-10-06T02:15:41Z', 'outcomes': [{'name': 'Golden State Warriors', 'price': 130}, {'name': 'Los Angeles Lakers', 'price': -155}]}, {'key': 'spreads', 'last_update': '2025-10-06T02:15:41Z', 'outcomes': [{'name': 'Golden State Warriors', 'price': -110, 'point': 3.5}, {'name': 'Los Angeles Lakers', 'price': -110, 'point': -3.5}]}]}, {'key': 'fanduel', 'title': 'FanDuel', 'last_update': '2025-10-06T02:14:06Z', 'markets': [{'key': 'h2h', 'last_update': '2025-10-06T02:14:06Z', 'outcomes': [{'name': 'Golden State Warriors', 'price': 138}, {'name': 'Los Angeles Lakers', 'price': -164}]}, {'key': 'spreads', 'last_update': '2025-10-06T02:14:06Z', 'outcomes': [{'name': 'Golden State Warriors', 'price': -108, 'point': 3.5}, {'name': 'Los Angeles Lakers', 'price': -112, 'point': -3.5}]}]}, {'key': 'mybookieag', 'title': 'MyBookie.ag', 'last_update': '2025-10-06T02:15:34Z', 'markets': [{'key': 'h2h', 'last_update': '2025-10-06T02:15:34Z', 'outcomes': [{'name': 'Golden State Warriors', 'price': 143}, {'name': 'Los Angeles Lakers', 'price': -185}]}, {'key': 'spreads', 'last_update': '2025-10-06T02:15:34Z', 'outcomes': [{'name': 'Golden State Warriors', 'price': -110, 'point': 4.0}, {'name': 'Los Angeles Lakers', 'price': -110, 'point': -4.0}]}]}, {'key': 'lowvig', 'title': 'LowVig.ag', 'last_update': '2025-10-06T02:15:32Z', 'markets': [{'key': 'spreads', 'last_update': '2025-10-06T02:15:32Z', 'outcomes': [{'name': 'Golden State Warriors', 'price': -106, 'point': 4.0}, {'name': 'Los Angeles Lakers', 'price': -106, 'point': -4.0}]}]}, {'key': 'bovada', 'title': 'Bovada', 'last_update': '2025-10-06T02:15:01Z', 'markets': [{'key': 'h2h', 'last_update': '2025-10-06T02:15:01Z', 'outcomes': [{'name': 'Golden State Warriors', 'price': 150}, {'name': 'Los Angeles Lakers', 'price': -175}]}, {'key': 'spreads', 'last_update': '2025-10-06T02:15:01Z', 'outcomes': [{'name': 'Golden State Warriors', 'price': -110, 'point': 4.0}, {'name': 'Los Angeles Lakers', 'price': -110, 'point': -4.0}]}]}, {'key': 'betonlineag', 'title': 'BetOnline.ag', 'last_update': '2025-10-06T02:15:32Z', 'markets': [{'key': 'spreads', 'last_update': '2025-10-06T02:15:32Z', 'outcomes': [{'name': 'Golden State Warriors', 'price': -110, 'point': 4.0}, {'name': 'Los Angeles Lakers', 'price': -110, 'point': -4.0}]}]}, {'key': 'betrivers', 'title': 'BetRivers', 'last_update': '2025-10-06T02:15:50Z', 'markets': [{'key': 'h2h', 'last_update': '2025-10-06T02:15:50Z', 'outcomes': [{'name': 'Golden State Warriors', 'price': 135}, {'name': 'Los Angeles Lakers', 'price': -167}]}, {'key': 'spreads', 'last_update': '2025-10-06T02:15:50Z', 'outcomes': [{'name': 'Golden State Warriors', 'price': -112, 'point': 3.5}, {'name': 'Los Angeles Lakers', 'price': -114, 'point': -3.5}]}]}]"
2c566908fd21c1179a1affda3f24b101,basketball_nba,NBA,2025-10-22T23:10:00Z,Charlotte Hornets,Brooklyn Nets,"[{'key': 'draftkings', 'title': 'DraftKings', 'last_update': '2025-10-06T02:15:41Z', 'markets': [{'key': 'h2h', 'last_update': '2025-10-06T02:15:41Z', 'outcomes': [{'name': 'Brooklyn Nets', 'price': 142}, {'name': 'Charlotte Hornets', 'price': -170}]}, {'key': 'spreads', 'last_update': '2025-10-06T02:15:41Z', 'outcomes': [{'name': 'Brooklyn Nets', 'price': -110, 'point': 4.0}, {'name': 'Charlotte Hornets', 'price': -110, 'point': -4.0}]}]}, {'key': 'mybookieag', 'title': 'MyBookie.ag', 'last_update': '2025-10-06T02:15:34Z', 'markets': [{'key': 'h2h', 'last_update': '2025-10-06T02:15:34Z', 'outcomes': [{'name': 'Brooklyn Nets', 'price': 132}, {'name': 'Charlotte Hornets', 'price': -169}]}, {'key': 'spreads', 'last_update': '2025-10-06T02:15:34Z', 'outcomes': [{'name': 'Brooklyn Nets', 'price': -110, 'point': 4.0}, {'name': 'Charlotte Hornets', 'price': -110, 'point': -4.0}]}]}, {'key': 'betrivers', 'title': 'BetRivers', 'last_update': '2025-10-06T02:15:50Z', 'markets': [{'key': 'h2h', 'last_update': '2025-10-06T02:15:50Z', 'outcomes': [{'name': 'Brooklyn Nets', 'price': 150}, {'name': 'Charlotte Hornets', 'price': -190}]}, {'key': 'spreads', 'last_update': '2025-10-06T02:15:50Z', 'outcomes': [{'name': 'Brooklyn Nets', 'price': -117, 'point': 4.5}, {'name': 'Charlotte Hornets', 'price': -109, 'point': -4.5}]}]}, {'key': 'fanduel', 'title': 'FanDuel', 'last_update': '2025-10-06T02:14:06Z', 'markets': [{'key': 'h2h', 'last_update': '2025-10-06T02:14:06Z', 'outcomes': [{'name': 'Brooklyn Nets', 'price': 148}, {'name': 'Charlotte Hornets', 'price': -178}]}, {'key': 'spreads', 'last_update': '2025-10-06T02:14:06Z', 'outcomes': [{'name': 'Brooklyn Nets', 'price': -105, 'point': 4.5}, {'name': 'Charlotte Hornets', 'price': -115, 'point': -4.5}]}]}]"
aa92da00abef11a7ee1f773cb708d710,basketball_nba,NBA,2025-10-22T23:10:00Z,New York Knicks,Cleveland Cavaliers,"[{'key': 'draftkings', 'title': 'DraftKings', 'last_update': '2025-10-06T02:15:41Z', 'markets': [{'key': 'h2h', 'last_update': '2025-10-06T02:15:41Z', 'outcomes': [{'name': 'Cleveland Cavaliers', 'price': 145}, {'name': 'New York Knicks', 'price': -175}]}, {'key': 'spreads', 'last_update': '2025-10-06T02:15:41Z', 'outcomes': [{'name': 'Cleveland Cavaliers', 'price': -110, 'point': 4.0}, {'name': 'New York Knicks', 'price': -110, 'point': -4.0}]}]}, {'key': 'mybookieag', 'title': 'MyBookie.ag', 'last_update': '2025-10-06T02:15:34Z', 'markets': [{'key': 'h2h', 'last_update': '2025-10-06T02:15:34Z', 'outcomes': [{'name': 'Cleveland Cavaliers', 'price': 135}, {'name': 'New York Knicks', 'price': -172}]}, {'key': 'spreads', 'last_update': '2025-10-06T02:15:34Z', 'outcomes': [{'name': 'Cleveland Cavaliers', 'price': -110, 'point': 4.0}, {'name': 'New York Knicks', 'price': -110, 'point': -4.0}]}]}, {'key': 'betrivers', 'title': 'BetRivers', 'last_update': '2025-10-06T02:15:50Z', 'markets': [{'key': 'h2h', 'last_update': '2025-10-06T02:15:50Z', 'outcomes': [{'name': 'Cleveland Cavaliers', 'price': 140}, {'name': 'New York Knicks', 'price': -177}]}, {'key': 'spreads', 'last_update': '2025-10-06T02:15:50Z', 'outcomes': [{'name': 'Cleveland Cavaliers', 'price': -113, 'point': 3.5}, {'name': 'New York Knicks', 'price': -113, 'point': -3.5}]}]}, {'key': 'fanduel', 'title': 'FanDuel', 'last_update': '2025-10-06T02:14:06Z', 'markets': [{'key': 'h2h', 'last_update': '2025-10-06T02:14:06Z', 'outcomes': [{'name': 'Cleveland Cavaliers', 'price': 134}, {'name': 'New York Knicks', 'price': -158}]}, {'key': 'spreads', 'last_update': '2025-10-06T02:14:06Z', 'outcomes': [{'name': 'Cleveland Cavaliers', 'price': -110, 'point': 3.5}, {'name': 'New York Knicks', 'price': -110, 'point': -3.5}]}]}]"
b6dc11956532645db427ed48107dd05b,basketball_nba,NBA,2025-10-22T23:10:00Z,Orlando Magic,Miami Heat,"[{'key': 'draftkings', 'title': 'DraftKings', 'last_update': '2025-10-06T02:15:41Z', 'markets': [{'key': 'h2h', 'last_update': '2025-10-06T02:15:41Z', 'outcomes': [{'name': 'Miami Heat', 'price': 285}, {'name': 'Orlando Magic', 'price': -360}]}, {'key': 'spreads', 'last_update': '2025-10-06T02:15:41Z', 'outcomes': [{'name': 'Miami Heat', 'price': -110, 'point': 8.5}, {'name': 'Orlando Magic', 'price': -110, 'point': -8.5}]}]}, {'key': 'mybookieag', 'title': 'MyBookie.ag', 'last_update': '2025-10-06T02:15:34Z', 'markets': [{'key': 'h2h', 'last_update': '2025-10-06T02:15:34Z', 'outcomes': [{'name': 'Miami Heat', 'price': 267}, {'name': 'Orlando Magic', 'price': -370}]}, {'key': 'spreads', 'last_update': '2025-10-06T02:15:34Z', 'outcomes': [{'name': 'Miami Heat', 'price': -110, 'point': 8.5}, {'name': 'Orlando Magic', 'price': -110, 'point': -8.5}]}]}, {'key': 'betrivers', 'title': 'BetRivers', 'last_update': '2025-10-06T02:15:50Z', 'markets': [{'key': 'h2h', 'last_update': '2025-10-06T02:15:50Z', 'outcomes': [{'name': 'Miami Heat', 'price': 275}, {'name': 'Orlando Magic', 'price': -375}]}, {'key': 'spreads', 'last_update': '2025-10-06T02:15:50Z', 'outcomes': [{'name': 'Miami Heat', 'price': -115, 'point': 8.5}, {'name': 'Orlando Magic', 'price': -110, 'point': -8.5}]}]}, {'key': 'fanduel', 'title': 'FanDuel', 'last_update': '2025-10-06T02:14:06Z', 'markets': [{'key': 'h2h', 'last_update': '2025-10-06T02:14:06Z', 'outcomes': [{'name': 'Miami Heat', 'price': 260}, {'name': 'Orlando Magic', 'price': -320}]}, {'key': 'spreads', 'last_update': '2025-10-06T02:14:06Z', 'outcomes': [{'name': 'Miami Heat', 'price': -110, 'point': 8.5}, {'name': 'Orlando Magic', 'price': -110, 'point': -8.5}]}]}]"
cf5a3b9aeb20f4bc8fc824f2e84ce67f,basketball_nba,NBA,2025-10-22T23:40:00Z,Atlanta Hawks,Toronto Raptors,"[{'key': 'draftkings', 'title': 'DraftKings', 'last_update': '2025-10-06T02:15:41Z', 'markets': [{'key': 'h2h', 'last_update': '2025-10-06T02:15:41Z', 'outcomes': [{'name': 'Atlanta Hawks', 'price': -245}, {'name': 'Toronto Raptors', 'price': 200}]}, {'key': 'spreads', 'last_update': '2025-10-06T02:15:41Z', 'outcomes': [{'name': 'Atlanta Hawks', 'price': -110, 'point': -6.0}, {'name': 'Toronto Raptors', 'price': -110, 'point': 6.0}]}]}, {'key': 'mybookieag', 'title': 'MyBookie.ag', 'last_update': '2025-10-06T02:15:34Z', 'markets': [{'key': 'h2h', 'last_update': '2025-10-06T02:15:34Z', 'outcomes': [{'name': 'Atlanta Hawks', 'price': -244}, {'name': 'Toronto Raptors', 'price': 184}]}, {'key': 'spreads', 'last_update': '2025-10-06T02:15:34Z', 'outcomes': [{'name': 'Atlanta Hawks', 'price': -110, 'point': -6.0}, {'name': 'Toronto Raptors', 'price': -110, 'point': 6.0}]}]}, {'key': 'betrivers', 'title': 'BetRivers', 'last_update': '2025-10-06T02:15:50Z', 'markets': [{'key': 'h2h', 'last_update': '2025-10-06T02:15:50Z', 'outcomes': [{'name': 'Atlanta Hawks', 'price': -245}, {'name': 'Toronto Raptors', 'price': 190}]}, {'key': 'spreads', 'last_update': '2025-10-06T02:15:50Z', 'outcomes': [{'name': 'Atlanta Hawks', 'price': -112, 'point': -6.0}, {'name': 'Toronto Raptors', 'price': -114, 'point': 6.0}]}]}, {'key': 'fanduel', 'title': 'FanDuel', 'last_update': '2025-10-06T02:14:06Z', 'markets': [{'key': 'h2h', 'last_update': '2025-10-06T02:14:06Z', 'outcomes': [{'name': 'Atlanta Hawks', 'price': -215}, {'name': 'Toronto Raptors', 'price': 180}]}, {'key': 'spreads', 'last_update': '2025-10-06T02:14:06Z', 'outcomes': [{'name': 'Atlanta Hawks', 'price': -112, 'point': -6.0}, {'name': 'Toronto Raptors', 'price': -108, 'point': 6.0}]}]}]"
13917a414157bda81dd6b417d440e1a6,basketball_nba,NBA,2025-10-22T23:40:00Z,Boston Celtics,Philadelphia 76ers,"[{'key': 'draftkings', 'title': 'DraftKings', 'last_update': '2025-10-06T02:15:41Z', 'markets': [{'key': 'h2h', 'last_update': '2025-10-06T02:15:41Z', 'outcomes': [{'name': 'Boston Celtics', 'price': -135}, {'name': 'Philadelphia 76ers', 'price': 114}]}, {'key': 'spreads', 'last_update': '2025-10-06T02:15:41Z', 'outcomes': [{'name': 'Boston Celtics', 'price': -110, 'point': -2.0}, {'name': 'Philadelphia 76ers', 'price': -110, 'point': 2.0}]}]}, {'key': 'mybookieag', 'title': 'MyBookie.ag', 'last_update': '2025-10-06T02:15:34Z', 'markets': [{'key': 'h2h', 'last_update': '2025-10-06T02:15:34Z', 'outcomes': [{'name': 'Boston Celtics', 'price': -133}, {'name': 'Philadelphia 76ers', 'price': 104}]}, {'key': 'spreads', 'last_update': '2025-10-06T02:15:34Z', 'outcomes': [{'name': 'Boston Celtics', 'price': -110, 'point': -2.0}, {'name': 'Philadelphia 76ers', 'price': -110, 'point': 2.0}]}]}, {'key': 'betrivers', 'title': 'BetRivers', 'last_update': '2025-10-06T02:15:50Z', 'markets': [{'key': 'h2h', 'last_update': '2025-10-06T02:15:50Z', 'outcomes': [{'name': 'Boston Celtics', 'price': -130}, {'name': 'Philadelphia 76ers', 'price': 105}]}, {'key': 'spreads', 'last_update': '2025-10-06T02:15:50Z', 'outcomes': [{'name': 'Boston Celtics', 'price': -114, 'point': -2.0}, {'name': 'Philadelphia 76ers', 'price': -112, 'point': 2.0}]}]}, {'key': 'fanduel', 'title': 'FanDuel', 'last_update': '2025-10-06T02:14:06Z', 'markets': [{'key': 'h2h', 'last_update': '2025-10-06T02:14:06Z', 'outcomes': [{'name': 'Boston Celtics', 'price': -126}, {'name': 'Philadelphia 76ers', 'price': 108}]}, {'key': 'spreads', 'last_update': '2025-10-06T02:14:06Z', 'outcomes': [{'name': 'Boston Celtics', 'price': -115, 'point': -1.5}, {'name': 'Philadelphia 76ers', 'price': -105, 'point': 1.5}]}]}]"
89733f00ce9f9896e48c1e0e9b45048e,basketball_nba,NBA,2025-10-23T00:10:00Z,Chicago Bulls,Detroit Pistons,"[{'key': 'draftkings', 'title': 'DraftKings', 'last_update': '2025-10-06T02:15:41Z', 'markets': [{'key': 'h2h', 'last_update': '2025-10-06T02:15:41Z', 'outcomes': [{'name': 'Chicago Bulls', 'price': 120}, {'name': 'Detroit Pistons', 'price': -142}]}, {'key': 'spreads', 'last_update': '2025-10-06T02:15:41Z', 'outcomes': [{'name': 'Chicago Bulls', 'price': -110, 'point': 2.5}, {'name': 'Detroit Pistons', 'price': -110, 'point': -2.5}]}]}, {'key': 'mybookieag', 'title': 'MyBookie.ag', 'last_update': '2025-10-06T02:15:34Z', 'markets': [{'key': 'h2h', 'last_update': '2025-10-06T02:15:34Z', 'outcomes': [{'name': 'Chicago Bulls', 'price': 113}, {'name': 'Detroit Pistons', 'price': -145}]}, {'key': 'spreads', 'last_update': '2025-10-06T02:15:34Z', 'outcomes': [{'name': 'Chicago Bulls', 'price': -110, 'point': 2.5}, {'name': 'Detroit Pistons', 'price': -110, 'point': -2.5}]}]}, {'key': 'betrivers', 'title': 'BetRivers', 'last_update': '2025-10-06T02:15:50Z', 'markets': [{'key': 'h2h', 'last_update': '2025-10-06T02:15:50Z', 'outcomes': [{'name': 'Chicago Bulls', 'price': 105}, {'name': 'Detroit Pistons', 'price': -130}]}, {'key': 'spreads', 'last_update': '2025-10-06T02:15:50Z', 'outcomes': [{'name': 'Chicago Bulls', 'price': -112, 'point': 2.0}, {'name': 'Detroit Pistons', 'price': -114, 'point': -2.0}]}]}, {'key': 'fanduel', 'title': 'FanDuel', 'last_update': '2025-10-06T02:14:06Z', 'markets': [{'key': 'h2h', 'last_update': '2025-10-06T02:14:06Z', 'outcomes': [{'name': 'Chicago Bulls', 'price': 128}, {'name': 'Detroit Pistons', 'price': -152}]}, {'key': 'spreads', 'last_update': '2025-10-06T02:14:06Z', 'outcomes': [{'name': 'Chicago Bulls', 'price': -115, 'point': 3.5}, {'name': 'Detroit Pistons', 'price': -105, 'point': -3.5}]}]}]"
a8db154fca88077a84df28acdd7d2f5a,basketball_nba,NBA,2025-10-23T00:10:00Z,Memphis Grizzlies,New Orleans Pelicans,"[{'key': 'draftkings', 'title': 'DraftKings', 'last_update': '2025-10-06T02:15:41Z', 'markets': [{'key': 'h2h', 'last_update': '2025-10-06T02:15:41Z', 'outcomes': [{'name': 'Memphis Grizzlies', 'price': -185}, {'name': 'New Orleans Pelicans', 'price': 154}]}, {'key': 'spreads', 'last_update': '2025-10-06T02:15:41Z', 'outcomes': [{'name': 'Memphis Grizzlies', 'price': -110, 'point': -4.5}, {'name': 'New Orleans Pelicans', 'price': -110, 'point': 4.5}]}]}, {'key': 'mybookieag', 'title': 'MyBookie.ag', 'last_update': '2025-10-06T02:15:34Z', 'markets': [{'key': 'h2h', 'last_update': '2025-10-06T02:15:34Z', 'outcomes': [{'name': 'Memphis Grizzlies', 'price': -182}, {'name': 'New Orleans Pelicans', 'price': 141}]}, {'key': 'spreads', 'last_update': '2025-10-06T02:15:34Z', 'outcomes': [{'name': 'Memphis Grizzlies', 'price': -110, 'point': -4.5}, {'name': 'New Orleans Pelicans', 'price': -110, 'point': 4.5}]}]}, {'key': 'betrivers', 'title': 'BetRivers', 'last_update': '2025-10-06T02:15:50Z', 'markets': [{'key': 'h2h', 'last_update': '2025-10-06T02:15:50Z', 'outcomes': [{'name': 'Memphis Grizzlies', 'price': -190}, {'name': 'New Orleans Pelicans', 'price': 150}]}, {'key': 'spreads', 'last_update': '2025-10-06T02:15:50Z', 'outcomes': [{'name': 'Memphis Grizzlies', 'price': -112, 'point': -4.5}, {'name': 'New Orleans Pelicans', 'price': -114, 'point': 4.5}]}]}, {'key': 'fanduel', 'title': 'FanDuel', 'last_update': '2025-10-06T02:14:06Z', 'markets': [{'key': 'h2h', 'last_update': '2025-10-06T02:14:06Z', 'outcomes': [{'name': 'Memphis Grizzlies', 'price': -162}, {'name': 'New Orleans Pelicans', 'price': 136}]}, {'key': 'spreads', 'last_update': '2025-10-06T02:14:06Z', 'outcomes': [{'name': 'Memphis Grizzlies', 'price': -110, 'point': -3.5}, {'name': 'New Orleans Pelicans', 'price': -110, 'point': 3.5}]}]}]"
61f18a914904dd9e20703519f00edf24,basketball_nba,NBA,2025-10-23T00:10:00Z,Milwaukee Bucks,Washington Wizards,"[{'key': 'draftkings', 'title': 'DraftKings', 'last_update': '2025-10-06T02:15:41Z', 'markets': [{'key': 'h2h', 'last_update': '2025-10-06T02:15:41Z', 'outcomes': [{'name': 'Milwaukee Bucks', 'price': -360}, {'name': 'Washington Wizards', 'price': 285}]}, {'key': 'spreads', 'last_update': '2025-10-06T02:15:41Z', 'outcomes': [{'name': 'Milwaukee Bucks', 'price': -110, 'point': -8.5}, {'name': 'Washington Wizards', 'price': -110, 'point': 8.5}]}]}, {'key': 'mybookieag', 'title': 'MyBookie.ag', 'last_update': '2025-10-06T02:15:34Z', 'markets': [{'key': 'h2h', 'last_update': '2025-10-06T02:15:34Z', 'outcomes': [{'name': 'Milwaukee Bucks', 'price': -370}, {'name': 'Washington Wizards', 'price': 268}]}, {'key': 'spreads', 'last_update': '2025-10-06T02:15:34Z', 'outcomes': [{'name': 'Milwaukee Bucks', 'price': -110, 'point': -8.5}, {'name': 'Washington Wizards', 'price': -110, 'point': 8.5}]}]}, {'key': 'betrivers', 'title': 'BetRivers', 'last_update': '2025-10-06T02:15:50Z', 'markets': [{'key': 'h2h', 'last_update': '2025-10-06T02:15:50Z', 'outcomes': [{'name': 'Milwaukee Bucks', 'price': -420}, {'name': 'Washington Wizards', 'price': 300}]}, {'key': 'spreads', 'last_update': '2025-10-06T02:15:50Z', 'outcomes': [{'name': 'Milwaukee Bucks', 'price': -114, 'point': -8.5}, {'name': 'Washington Wizards', 'price': -112, 'point': 8.5}]}]}, {'key': 'fanduel', 'title': 'FanDuel', 'last_update': '2025-10-06T02:14:06Z', 'markets': [{'key': 'h2h', 'last_update': '2025-10-06T02:14:06Z', 'outcomes': [{'name': 'Milwaukee Bucks', 'price': -340}, {'name': 'Washington Wizards', 'price': 275}]}, {'key': 'spreads', 'last_update': '2025-10-06T02:14:06Z', 'outcomes': [{'name': 'Milwaukee Bucks', 'price': -110, 'point': -9.5}, {'name': 'Washington Wizards', 'price': -110, 'point': 9.5}]}]}]"
dfa56bede06bbf73e18d8c019c3e5626,basketball_nba,NBA,2025-10-23T01:10:00Z,Utah Jazz,Los Angeles Clippers,"[{'key': 'draftkings', 'title': 'DraftKings', 'last_update': '2025-10-06T02:15:41Z', 'markets': [{'key': 'h2h', 'last_update': '2025-10-06T02:15:41Z', 'outcomes': [{'name': 'Los Angeles Clippers', 'price': -340}, {'name': 'Utah Jazz', 'price': 270}]}, {'key': 'spreads', 'last_update': '2025-10-06T02:15:41Z', 'outcomes': [{'name': 'Los Angeles Clippers', 'price': -110, 'point': -8.0}, {'name': 'Utah Jazz', 'price': -110, 'point': 8.0}]}]}, {'key': 'mybookieag', 'title': 'MyBookie.ag', 'last_update': '2025-10-06T02:15:34Z', 'markets': [{'key': 'h2h', 'last_update': '2025-10-06T02:15:34Z', 'outcomes': [{'name': 'Los Angeles Clippers', 'price': -357}, {'name': 'Utah Jazz', 'price': 256}]}, {'key': 'spreads', 'last_update': '2025-10-06T02:15:34Z', 'outcomes': [{'name': 'Los Angeles Clippers', 'price': -110, 'point': -8.0}, {'name': 'Utah Jazz', 'price': -110, 'point': 8.0}]}]}, {'key': 'betrivers', 'title': 'BetRivers', 'last_update': '2025-10-06T02:15:50Z', 'markets': [{'key': 'h2h', 'last_update': '2025-10-06T02:15:50Z', 'outcomes': [{'name': 'Los Angeles Clippers', 'price': -345}, {'name': 'Utah Jazz', 'price': 260}]}, {'key': 'spreads', 'last_update': '2025-10-06T02:15:50Z', 'outcomes': [{'name': 'Los Angeles Clippers', 'price': -113, 'point': -8.0}, {'name': 'Utah Jazz', 'price': -112, 'point': 8.0}]}]}, {'key': 'fanduel', 'title': 'FanDuel', 'last_update': '2025-10-06T02:14:06Z', 'markets': [{'key': 'h2h', 'last_update': '2025-10-06T02:14:06Z', 'outcomes': [{'name': 'Los Angeles Clippers', 'price': -330}, {'name': 'Utah Jazz', 'price': 265}]}, {'key': 'spreads', 'last_update': '2025-10-06T02:14:06Z', 'outcomes': [{'name': 'Los Angeles Clippers', 'price': -115, 'point': -8.5}, {'name': 'Utah Jazz', 'price': -105, 'point': 8.5}]}]}]"
e9b75400f975f37c5d4c03414110530d,basketball_nba,NBA,2025-10-23T01:40:00Z,Dallas Mavericks,San Antonio Spurs,"[{'key': 'draftkings', 'title': 'DraftKings', 'last_update': '2025-10-06T02:15:41Z', 'markets': [{'key': 'h2h', 'last_update': '2025-10-06T02:15:41Z', 'outcomes': [{'name': 'Dallas Mavericks', 'price': -130}, {'name': 'San Antonio Spurs', 'price': 110}]}, {'key': 'spreads', 'last_update': '2025-10-06T02:15:41Z', 'outcomes': [{'name': 'Dallas Mavericks', 'price': -110, 'point': -2.0}, {'name': 'San Antonio Spurs', 'price': -110, 'point': 2.0}]}]}, {'key': 'mybookieag', 'title': 'MyBookie.ag', 'last_update': '2025-10-06T02:15:34Z', 'markets': [{'key': 'h2h', 'last_update': '2025-10-06T02:15:34Z', 'outcomes': [{'name': 'Dallas Mavericks', 'price': -135}, {'name': 'San Antonio Spurs', 'price': 107}]}, {'key': 'spreads', 'last_update': '2025-10-06T02:15:34Z', 'outcomes': [{'name': 'Dallas Mavericks', 'price': -110, 'point': -2.0}, {'name': 'San Antonio Spurs', 'price': -110, 'point': 2.0}]}]}, {'key': 'betrivers', 'title': 'BetRivers', 'last_update': '2025-10-06T02:15:50Z', 'markets': [{'key': 'h2h', 'last_update': '2025-10-06T02:15:50Z', 'outcomes': [{'name': 'Dallas Mavericks', 'price': -124}, {'name': 'San Antonio Spurs', 'price': 100}]}, {'key': 'spreads', 'last_update': '2025-10-06T02:15:50Z', 'outcomes': [{'name': 'Dallas Mavericks', 'price': -115, 'point': -1.5}, {'name': 'San Antonio Spurs', 'price': -110, 'point': 1.5}]}]}, {'key': 'fanduel', 'title': 'FanDuel', 'last_update': '2025-10-06T02:14:06Z', 'markets': [{'key': 'h2h', 'last_update': '2025-10-06T02:14:06Z', 'outcomes': [{'name': 'Dallas Mavericks', 'price': -126}, {'name': 'San Antonio Spurs', 'price': 108}]}, {'key': 'spreads', 'last_update': '2025-10-06T02:14:06Z', 'outcomes': [{'name': 'Dallas Mavericks', 'price': -105, 'point': -3.0}, {'name': 'San Antonio Spurs', 'price': -115, 'point': 3.0}]}]}]"
18a8312266521477423664257e995981,basketball_nba,NBA,2025-10-23T02:10:00Z,Portland Trail Blazers,Minnesota Timberwolves,"[{'key': 'draftkings', 'title': 'DraftKings', 'last_update': '2025-10-06T02:15:41Z', 'markets': [{'key': 'h2h', 'last_update': '2025-10-06T02:15:41Z', 'outcomes': [{'name': 'Minnesota Timberwolves', 'price': -142}, {'name': 'Portland Trail Blazers', 'price': 120}]}, {'key': 'spreads', 'last_update': '2025-10-06T02:15:41Z', 'outcomes': [{'name': 'Minnesota Timberwolves', 'price': -110, 'point': -2.5}, {'name': 'Portland Trail Blazers', 'price': -110, 'point': 2.5}]}]}, {'key': 'mybookieag', 'title': 'MyBookie.ag', 'last_update': '2025-10-06T02:15:34Z', 'markets': [{'key': 'h2h', 'last_update': '2025-10-06T02:15:34Z', 'outcomes': [{'name': 'Minnesota Timberwolves', 'price': -145}, {'name': 'Portland Trail Blazers', 'price': 114}]}, {'key': 'spreads', 'last_update': '2025-10-06T02:15:34Z', 'outcomes': [{'name': 'Minnesota Timberwolves', 'price': -110, 'point': -2.5}, {'name': 'Portland Trail Blazers', 'price': -110, 'point': 2.5}]}]}, {'key': 'betrivers', 'title': 'BetRivers', 'last_update': '2025-10-06T02:15:50Z', 'markets': [{'key': 'h2h', 'last_update': '2025-10-06T02:15:50Z', 'outcomes': [{'name': 'Minnesota Timberwolves', 'price': -167}, {'name': 'Portland Trail Blazers', 'price': 133}]}, {'key': 'spreads', 'last_update': '2025-10-06T02:15:50Z', 'outcomes': [{'name': 'Minnesota Timberwolves', 'price': -113, 'point': -3.5}, {'name': 'Portland Trail Blazers', 'price': -113, 'point': 3.5}]}]}, {'key': 'fanduel', 'title': 'FanDuel', 'last_update': '2025-10-06T02:14:06Z', 'markets': [{'key': 'h2h', 'last_update': '2025-10-06T02:14:06Z', 'outcomes': [{'name': 'Minnesota Timberwolves', 'price': -152}, {'name': 'Portland Trail Blazers', 'price': 128}]}, {'key': 'spreads', 'last_update': '2025-10-06T02:14:06Z', 'outcomes': [{'name': 'Minnesota Timberwolves', 'price': -105, 'point': -3.5}, {'name': 'Portland Trail Blazers', 'price': -115, 'point': 3.5}]}]}]"
0042b0009547d8a7c9827977546613de,basketball_nba,NBA,2025-10-23T02:10:00Z,Phoenix Suns,Sacramento Kings,"[{'key': 'draftkings', 'title': 'DraftKings', 'last_update': '2025-10-06T02:15:41Z', 'markets': [{'key': 'h2h', 'last_update': '2025-10-06T02:15:41Z', 'outcomes': [{'name': 'Phoenix Suns', 'price': -115}, {'name': 'Sacramento Kings', 'price': -105}]}, {'key': 'spreads', 'last_update': '2025-10-06T02:15:41Z', 'outcomes': [{'name': 'Phoenix Suns', 'price': -110, 'point': -1.0}, {'name': 'Sacramento Kings', 'price': -110, 'point': 1.0}]}]}, {'key': 'mybookieag', 'title': 'MyBookie.ag', 'last_update': '2025-10-06T02:15:34Z', 'markets': [{'key': 'h2h', 'last_update': '2025-10-06T02:15:34Z', 'outcomes': [{'name': 'Phoenix Suns', 'price': -120}, {'name': 'Sacramento Kings', 'price': -106}]}, {'key': 'spreads', 'last_update': '2025-10-06T02:15:34Z', 'outcomes': [{'name': 'Phoenix Suns', 'price': -110, 'point': -1.0}, {'name': 'Sacramento Kings', 'price': -110, 'point': 1.0}]}]}, {'key': 'betrivers', 'title': 'BetRivers', 'last_update': '2025-10-06T02:15:50Z', 'markets': [{'key': 'h2h', 'last_update': '2025-10-06T02:15:50Z', 'outcomes': [{'name': 'Phoenix Suns', 'price': -121}, {'name': 'Sacramento Kings', 'price': -103}]}, {'key': 'spreads', 'last_update': '2025-10-06T02:15:50Z', 'outcomes': [{'name': 'Phoenix Suns', 'price': -110, 'point': -1.5}, {'name': 'Sacramento Kings', 'price': -114, 'point': 1.5}]}]}, {'key': 'fanduel', 'title': 'FanDuel', 'last_update': '2025-10-06T02:14:06Z', 'markets': [{'key': 'h2h', 'last_update': '2025-10-06T02:14:06Z', 'outcomes': [{'name': 'Phoenix Suns', 'price': -116}, {'name': 'Sacramento Kings', 'price': -102}]}, {'key': 'spreads', 'last_update': '2025-10-06T02:14:06Z', 'outcomes': [{'name': 'Phoenix Suns', 'price': -105, 'point': -1.5}, {'name': 'Sacramento Kings', 'price': -115, 'point': 1.5}]}]}]"
072f959e31211e7c805451ce92a5f4e5,basketball_nba,NBA,2025-10-23T23:40:00Z,Indiana Pacers,Oklahoma City Thunder,"[{'key': 'draftkings', 'title': 'DraftKings', 'last_update': '2025-10-06T02:15:41Z', 'markets': [{'key': 'h2h', 'last_update': '2025-10-06T02:15:41Z', 'outcomes': [{'name': 'Indiana Pacers', 'price': 250}, {'name': 'Oklahoma City Thunder', 'price': -310}]}, {'key': 'spreads', 'last_update': '2025-10-06T02:15:41Z', 'outcomes': [{'name': 'Indiana Pacers', 'price': -110, 'point': 7.5}, {'name': 'Oklahoma City Thunder', 'price': -110, 'point': -7.5}]}]}]"
94f35a6d58c57801c32a564d04e32270,basketball_nba,NBA,2025-10-24T02:10:00Z,Golden State Warriors,Denver Nuggets,"[{'key': 'draftkings', 'title': 'DraftKings', 'last_update': '2025-10-06T02:15:41Z', 'markets': [{'key': 'h2h', 'last_update': '2025-10-06T02:15:41Z', 'outcomes': [{'name': 'Denver Nuggets', 'price': -108}, {'name': 'Golden State Warriors', 'price': -112}]}, {'key': 'spreads', 'last_update': '2025-10-06T02:15:41Z', 'outcomes': [{'name': 'Denver Nuggets', 'price': -112, 'point': 1.0}, {'name': 'Golden State Warriors', 'price': -108, 'point': -1.0}]}]}]"
600dfc9979b72eeef44b5545ba9fe18f,basketball_nba,NBA,2025-10-24T23:30:00Z,New York Knicks,Boston Celtics,"[{'key': 'draftkings', 'title': 'DraftKings', 'last_update': '2025-10-06T02:15:41Z', 'markets': [{'key': 'h2h', 'last_update': '2025-10-06T02:15:41Z', 'outcomes': [{'name': 'Boston Celtics', 'price': 205}, {'name': 'New York Knicks', 'price': -250}]}, {'key': 'spreads', 'last_update': '2025-10-06T02:15:41Z', 'outcomes': [{'name': 'Boston Celtics', 'price': -110, 'point': 6.5}, {'name': 'New York Knicks', 'price': -110, 'point': -6.5}]}]}]"
00eb7e982d3c341cdc68795c73d901e1,basketball_nba,NBA,2025-10-25T02:00:00Z,Los Angeles Lakers,Minnesota Timberwolves,"[{'key': 'draftkings', 'title': 'DraftKings', 'last_update': '2025-10-06T02:15:41Z', 'markets': [{'key': 'h2h', 'last_update': '2025-10-06T02:15:41Z', 'outcomes': [{'name': 'Los Angeles Lakers', 'price': -135}, {'name': 'Minnesota Timberwolves', 'price': 114}]}, {'key': 'spreads', 'last_update': '2025-10-06T02:15:41Z', 'outcomes': [{'name': 'Los Angeles Lakers', 'price': -110, 'point': -2.5}, {'name': 'Minnesota Timberwolves', 'price': -110, 'point': 2.5}]}]}]"
5c3141a83aab2381b9837f56079156fd,basketball_nba,NBA,2025-10-27T23:00:00Z,Detroit Pistons,Cleveland Cavaliers,"[{'key': 'draftkings', 'title': 'DraftKings', 'last_update': '2025-10-06T02:15:41Z', 'markets': [{'key': 'h2h', 'last_update': '2025-10-06T02:15:41Z', 'outcomes': [{'name': 'Cleveland Cavaliers', 'price': -122}, {'name': 'Detroit Pistons', 'price': 102}]}, {'key': 'spreads', 'last_update': '2025-10-06T02:15:41Z', 'outcomes': [{'name': 'Cleveland Cavaliers', 'price': -110, 'point': -1.5}, {'name': 'Detroit Pistons', 'price': -110, 'point': 1.5}]}]}]"
3a6b0d7961360bd22e31e59ea415ff57,basketball_nba,NBA,2025-10-28T01:30:00Z,Minnesota Timberwolves,Denver Nuggets,"[{'key': 'draftkings', 'title': 'DraftKings', 'last_update': '2025-10-06T02:15:41Z', 'markets': [{'key': 'h2h', 'last_update': '2025-10-06T02:15:41Z', 'outcomes': [{'name': 'Denver Nuggets', 'price': 100}, {'name': 'Minnesota Timberwolves', 'price': -120}]}, {'key': 'spreads', 'last_update': '2025-10-06T02:15:41Z', 'outcomes': [{'name': 'Denver Nuggets', 'price': -110, 'point': 1.5}, {'name': 'Minnesota Timberwolves', 'price': -110, 'point': -1.5}]}]}]"
3784e9747b97bec1c1aab8f693656f18,basketball_nba,NBA,2025-10-31T23:00:00Z,Philadelphia 76ers,Boston Celtics,"[{'key': 'draftkings', 'title': 'DraftKings', 'last_update': '2025-10-06T02:15:41Z', 'markets': [{'key': 'h2h', 'last_update': '2025-10-06T02:15:41Z', 'outcomes': [{'name': 'Boston Celtics', 'price': 142}, {'name': 'Philadelphia 76ers', 'price': -170}]}, {'key': 'spreads', 'last_update': '2025-10-06T02:15:41Z', 'outcomes': [{'name': 'Boston Celtics', 'price': -110, 'point': 4.0}, {'name': 'Philadelphia 76ers', 'price': -110, 'point': -4.0}]}]}]"
8cf5f0182f14070fbb4decdff17134ed,basketball_nba,NBA,2025-11-01T01:30:00Z,Memphis Grizzlies,Los Angeles Lakers,"[{'key': 'draftkings', 'title': 'DraftKings', 'last_update': '2025-10-06T02:15:41Z', 'markets': [{'key': 'h2h', 'last_update': '2025-10-06T02:15:41Z', 'outcomes': [{'name': 'Los Angeles Lakers', 'price': -122}, {'name': 'Memphis Grizzlies', 'price': 102}]}, {'key': 'spreads', 'last_update': '2025-10-06T02:15:41Z', 'outcomes': [{'name': 'Los Angeles Lakers', 'price': -110, 'point': -1.5}, {'name': 'Memphis Grizzlies', 'price': -110, 'point': 1.5}]}]}]"
1269706534827fc185ca0d61405ecd99,basketball_nba,NBA,2025-11-08T00:30:00Z,San Antonio Spurs,Houston Rockets,"[{'key': 'draftkings', 'title': 'DraftKings', 'last_update': '2025-10-06T02:15:41Z', 'markets': [{'key': 'h2h', 'last_update': '2025-10-06T02:15:41Z', 'outcomes': [{'name': 'Houston Rockets', 'price': -122}, {'name': 'San Antonio Spurs', 'price': 102}]}, {'key': 'spreads', 'last_update': '2025-10-06T02:15:41Z', 'outcomes': [{'name': 'Houston Rockets', 'price': -110, 'point': -1.5}, {'name': 'San Antonio Spurs', 'price': -110, 'point': 1.5}]}]}]"
930e0687ebe1ad6186e1db0d88fe7f4a,basketball_nba,NBA,2025-11-08T03:00:00Z,Denver Nuggets,Golden State Warriors,"[{'key': 'draftkings', 'title': 'DraftKings', 'last_update': '2025-10-06T02:15:41Z', 'markets': [{'key': 'h2h', 'last_update': '2025-10-06T02:15:41Z', 'outcomes': [{'name': 'Denver Nuggets', 'price': -218}, {'name': 'Golden State Warriors', 'price': 180}]}, {'key': 'spreads', 'last_update': '2025-10-06T02:15:41Z', 'outcomes': [{'name': 'Denver Nuggets', 'price': -110, 'point': -5.5}, {'name': 'Golden State Warriors', 'price': -110, 'point': 5.5}]}]}]"
63016986bd7402f9433def9ec4be4fe1,basketball_nba,NBA,2025-11-15T00:00:00Z,New York Knicks,Miami Heat,"[{'key': 'draftkings', 'title': 'DraftKings', 'last_update': '2025-10-06T02:15:41Z', 'markets': [{'key': 'h2h', 'last_update': '2025-10-06T02:15:41Z', 'outcomes': [{'name': 'Miami Heat', 'price': 340}, {'name': 'New York Knicks', 'price': -440}]}, {'key': 'spreads', 'last_update': '2025-10-06T02:15:41Z', 'outcomes': [{'name': 'Miami Heat', 'price': -110, 'point': 9.5}, {'name': 'New York Knicks', 'price': -110, 'point': -9.5}]}]}]"
46fc9b98835561f7bfa81c7275b3ed37,basketball_nba,NBA,2025-11-15T02:30:00Z,San Antonio Spurs,Golden State Warriors,"[{'key': 'draftkings', 'title': 'DraftKings', 'last_update': '2025-10-06T02:15:41Z', 'markets': [{'key': 'h2h', 'last_update': '2025-10-06T02:15:41Z', 'outcomes': [{'name': 'Golden State Warriors', 'price': -110}, {'name': 'San Antonio Spurs', 'price': -110}]}, {'key': 'spreads', 'last_update': '2025-10-06T02:15:41Z', 'outcomes': [{'name': 'Golden State Warriors', 'price': -115, 'point': 1.0}, {'name': 'San Antonio Spurs', 'price': -105, 'point': -1.0}]}]}]"
58c5d4f9449efc54b2a2ceb71ca6878b,basketball_nba,NBA,2025-11-22T00:00:00Z,Cleveland Cavaliers,Indiana Pacers,"[{'key': 'draftkings', 'title': 'DraftKings', 'last_update': '2025-10-06T02:15:41Z', 'markets': [{'key': 'h2h', 'last_update': '2025-10-06T02:15:41Z', 'outcomes': [{'name': 'Cleveland Cavaliers', 'price': -470}, {'name': 'Indiana Pacers', 'price': 360}]}, {'key': 'spreads', 'last_update': '2025-10-06T02:15:41Z', 'outcomes': [{'name': 'Cleveland Cavaliers', 'price': -110, 'point': -10.0}, {'name': 'Indiana Pacers', 'price': -110, 'point': 10.0}]}]}]"
8162993fb172c214bf7e7338079a0e79,basketball_nba,NBA,2025-11-22T02:30:00Z,Houston Rockets,Denver Nuggets,"[{'key': 'draftkings', 'title': 'DraftKings', 'last_update': '2025-10-06T02:15:41Z', 'markets': [{'key': 'h2h', 'last_update': '2025-10-06T02:15:41Z', 'outcomes': [{'name': 'Denver Nuggets', 'price': 124}, {'name': 'Houston Rockets', 'price': -148}]}, {'key': 'spreads', 'last_update': '2025-10-06T02:15:41Z', 'outcomes': [{'name': 'Denver Nuggets', 'price': -110, 'point': 3.0}, {'name': 'Houston Rockets', 'price': -110, 'point': -3.0}]}]}]"
a43d5e85ccdf728d56f44bfda12b9d06,basketball_nba,NBA,2025-11-26T01:00:00Z,Philadelphia 76ers,Orlando Magic,"[{'key': 'draftkings', 'title': 'DraftKings', 'last_update': '2025-10-06T02:15:41Z', 'markets': [{'key': 'h2h', 'last_update': '2025-10-06T02:15:41Z', 'outcomes': [{'name': 'Orlando Magic', 'price': -115}, {'name': 'Philadelphia 76ers', 'price': -105}]}, {'key': 'spreads', 'last_update': '2025-10-06T02:15:41Z', 'outcomes': [{'name': 'Orlando Magic', 'price': -110, 'point': -1.0}, {'name': 'Philadelphia 76ers', 'price': -110, 'point': 1.0}]}]}]"
b7209d3aae71bb2dc1ca8f9412a95a4a,basketball_nba,NBA,2025-11-26T04:00:00Z,Los Angeles Lakers,Los Angeles Clippers,"[{'key': 'draftkings', 'title': 'DraftKings', 'last_update': '2025-10-06T02:15:41Z', 'markets': [{'key': 'h2h', 'last_update': '2025-10-06T02:15:41Z', 'outcomes': [{'name': 'Los Angeles Clippers', 'price': -110}, {'name': 'Los Angeles Lakers', 'price': -110}]}, {'key': 'spreads', 'last_update': '2025-10-06T02:15:41Z', 'outcomes': [{'name': 'Los Angeles Clippers', 'price': -115, 'point': 1.0}, {'name': 'Los Angeles Lakers', 'price': -105, 'point': -1.0}]}]}]"
e69335f9f4054ca683c7219dabdeac53,basketball_nba,NBA,2025-11-26T22:00:00Z,Boston Celtics,Detroit Pistons,"[{'key': 'draftkings', 'title': 'DraftKings', 'last_update': '2025-10-06T02:15:41Z', 'markets': [{'key': 'h2h', 'last_update': '2025-10-06T02:15:41Z', 'outcomes': [{'name': 'Boston Celtics', 'price': -118}, {'name': 'Detroit Pistons', 'price': -102}]}, {'key': 'spreads', 'last_update': '2025-10-06T02:15:41Z', 'outcomes': [{'name': 'Boston Celtics', 'price': -110, 'point': -1.0}, {'name': 'Detroit Pistons', 'price': -110, 'point': 1.0}]}]}]"
63748218430054c9c947b1beeab351c9,basketball_nba,NBA,2025-11-27T00:30:00Z,Oklahoma City Thunder,Minnesota Timberwolves,"[{'key': 'draftkings', 'title': 'DraftKings', 'last_update': '2025-10-06T02:15:41Z', 'markets': [{'key': 'h2h', 'last_update': '2025-10-06T02:15:41Z', 'outcomes': [{'name': 'Minnesota Timberwolves', 'price': 260}, {'name': 'Oklahoma City Thunder', 'price': -325}]}, {'key': 'spreads', 'last_update': '2025-10-06T02:15:41Z', 'outcomes': [{'name': 'Minnesota Timberwolves', 'price': -110, 'point': 8.0}, {'name': 'Oklahoma City Thunder', 'price': -110, 'point': -8.0}]}]}]"
c728773fb406fb68e411f28e838ef9ed,basketball_nba,NBA,2025-11-27T03:00:00Z,Golden State Warriors,Houston Rockets,"[{'key': 'draftkings', 'title': 'DraftKings', 'last_update': '2025-10-06T02:15:41Z', 'markets': [{'key': 'h2h', 'last_update': '2025-10-06T02:15:41Z', 'outcomes': [{'name': 'Golden State Warriors', 'price': -105}, {'name': 'Houston Rockets', 'price': -115}]}, {'key': 'spreads', 'last_update': '2025-10-06T02:15:41Z', 'outcomes': [{'name': 'Golden State Warriors', 'price': -110, 'point': 1.0}, {'name': 'Houston Rockets', 'price': -110, 'point': -1.0}]}]}]"
7352c74ba8dbdb543d750f378fc002d5,basketball_nba,NBA,2025-11-29T00:30:00Z,New York Knicks,Milwaukee Bucks,"[{'key': 'draftkings', 'title': 'DraftKings', 'last_update': '2025-10-06T02:15:41Z', 'markets': [{'key': 'h2h', 'last_update': '2025-10-06T02:15:41Z', 'outcomes': [{'name': 'Milwaukee Bucks', 'price': 195}, {'name': 'New York Knicks', 'price': -238}]}, {'key': 'spreads', 'last_update': '2025-10-06T02:15:41Z', 'outcomes': [{'name': 'Milwaukee Bucks', 'price': -110, 'point': 6.0}, {'name': 'New York Knicks', 'price': -110, 'point': -6.0}]}]}]"
78aabf080c02d6b74d6d5a15ae2d2a81,basketball_nba,NBA,2025-11-29T03:00:00Z,Los Angeles Lakers,Dallas Mavericks,"[{'key': 'draftkings', 'title': 'DraftKings', 'last_update': '2025-10-06T02:15:41Z', 'markets': [{'key': 'h2h', 'last_update': '2025-10-06T02:15:41Z', 'outcomes': [{'name': 'Dallas Mavericks', 'price': 210}, {'name': 'Los Angeles Lakers', 'price': -258}]}, {'key': 'spreads', 'last_update': '2025-10-06T02:15:41Z', 'outcomes': [{'name': 'Dallas Mavericks', 'price': -110, 'point': 6.5}, {'name': 'Los Angeles Lakers', 'price': -110, 'point': -6.5}]}]}]"
f557c9173a46a3c7c87afb4bd68f6644,basketball_nba,NBA,2025-12-25T17:00:00Z,New York Knicks,Cleveland Cavaliers,"[{'key': 'draftkings', 'title': 'DraftKings', 'last_update': '2025-10-06T02:15:41Z', 'markets': [{'key': 'h2h', 'last_update': '2025-10-06T02:15:41Z', 'outcomes': [{'name': 'Cleveland Cavaliers', 'price': 114}, {'name': 'New York Knicks', 'price': -135}]}, {'key': 'spreads', 'last_update': '2025-10-06T02:15:41Z', 'outcomes': [{'name': 'Cleveland Cavaliers', 'price': -110, 'point': 2.5}, {'name': 'New York Knicks', 'price': -110, 'point': -2.5}]}]}, {'key': 'fanduel', 'title': 'FanDuel', 'last_update': '2025-10-06T02:14:06Z', 'markets': [{'key': 'h2h', 'last_update': '2025-10-06T02:14:06Z', 'outcomes': [{'name': 'Cleveland Cavaliers', 'price': 108}, {'name': 'New York Knicks', 'price': -126}]}, {'key': 'spreads', 'last_update': '2025-10-06T02:14:06Z', 'outcomes': [{'name': 'Cleveland Cavaliers', 'price': -105, 'point': 1.5}, {'name': 'New York Knicks', 'price': -115, 'point': -1.5}]}]}, {'key': 'mybookieag', 'title': 'MyBookie.ag', 'last_update': '2025-10-06T02:15:34Z', 'markets': [{'key': 'h2h', 'last_update': '2025-10-06T02:15:34Z', 'outcomes': [{'name': 'Cleveland Cavaliers', 'price': 108}, {'name': 'New York Knicks', 'price': -137}]}, {'key': 'spreads', 'last_update': '2025-10-06T02:15:34Z', 'outcomes': [{'name': 'Cleveland Cavaliers', 'price': -110, 'point': 2.5}, {'name': 'New York Knicks', 'price': -110, 'point': -2.5}]}]}, {'key': 'lowvig', 'title': 'LowVig.ag', 'last_update': '2025-10-06T02:15:32Z', 'markets': [{'key': 'spreads', 'last_update': '2025-10-06T02:15:32Z', 'outcomes': [{'name': 'Cleveland Cavaliers', 'price': -106, 'point': 2.0}, {'name': 'New York Knicks', 'price': -106, 'point': -2.0}]}]}, {'key': 'bovada', 'title': 'Bovada', 'last_update': '2025-10-06T02:15:01Z', 'markets': [{'key': 'h2h', 'last_update': '2025-10-06T02:15:01Z', 'outcomes': [{'name': 'Cleveland Cavaliers', 'price': 115}, {'name': 'New York Knicks', 'price': -135}]}, {'key': 'spreads', 'last_update': '2025-10-06T02:15:01Z', 'outcomes': [{'name': 'Cleveland Cavaliers', 'price': -110, 'point': 2.5}, {'name': 'New York Knicks', 'price': -110, 'point': -2.5}]}]}, {'key': 'betonlineag', 'title': 'BetOnline.ag', 'last_update': '2025-10-06T02:15:32Z', 'markets': [{'key': 'spreads', 'last_update': '2025-10-06T02:15:32Z', 'outcomes': [{'name': 'Cleveland Cavaliers', 'price': -110, 'point': 2.0}, {'name': 'New York Knicks', 'price': -110, 'point': -2.0}]}]}, {'key': 'betrivers', 'title': 'BetRivers', 'last_update': '2025-10-06T02:15:50Z', 'markets': [{'key': 'h2h', 'last_update': '2025-10-06T02:15:50Z', 'outcomes': [{'name': 'Cleveland Cavaliers', 'price': 117}, {'name': 'New York Knicks', 'price': -143}]}, {'key': 'spreads', 'last_update': '2025-10-06T02:15:50Z', 'outcomes': [{'name': 'Cleveland Cavaliers', 'price': -113, 'point': 2.5}, {'name': 'New York Knicks', 'price': -113, 'point': -2.5}]}]}]"
4ca0a40cec306fd9a3c9b36b1e76500e,basketball_nba,NBA,2025-12-25T19:30:00Z,Oklahoma City Thunder,San Antonio Spurs,"[{'key': 'draftkings', 'title': 'DraftKings', 'last_update': '2025-10-06T02:15:41Z', 'markets': [{'key': 'h2h', 'last_update': '2025-10-06T02:15:41Z', 'outcomes': [{'name': 'Oklahoma City Thunder', 'price': -425}, {'name': 'San Antonio Spurs', 'price': 330}]}, {'key': 'spreads', 'last_update': '2025-10-06T02:15:41Z', 'outcomes': [{'name': 'Oklahoma City Thunder', 'price': -115, 'point': -9.5}, {'name': 'San Antonio Spurs', 'price': -105, 'point': 9.5}]}]}, {'key': 'fanduel', 'title': 'FanDuel', 'last_update': '2025-10-06T02:14:06Z', 'markets': [{'key': 'h2h', 'last_update': '2025-10-06T02:14:06Z', 'outcomes': [{'name': 'Oklahoma City Thunder', 'price': -375}, {'name': 'San Antonio Spurs', 'price': 300}]}, {'key': 'spreads', 'last_update': '2025-10-06T02:14:06Z', 'outcomes': [{'name': 'Oklahoma City Thunder', 'price': -112, 'point': -9.5}, {'name': 'San Antonio Spurs', 'price': -108, 'point': 9.5}]}]}, {'key': 'lowvig', 'title': 'LowVig.ag', 'last_update': '2025-10-06T02:15:32Z', 'markets': [{'key': 'spreads', 'last_update': '2025-10-06T02:15:32Z', 'outcomes': [{'name': 'Oklahoma City Thunder', 'price': -106, 'point': -9.5}, {'name': 'San Antonio Spurs', 'price': -106, 'point': 9.5}]}]}, {'key': 'bovada', 'title': 'Bovada', 'last_update': '2025-10-06T02:15:01Z', 'markets': [{'key': 'h2h', 'last_update': '2025-10-06T02:15:01Z', 'outcomes': [{'name': 'Oklahoma City Thunder', 'price': -400}, {'name': 'San Antonio Spurs', 'price': 300}]}, {'key': 'spreads', 'last_update': '2025-10-06T02:15:01Z', 'outcomes': [{'name': 'Oklahoma City Thunder', 'price': -110, 'point': -9.5}, {'name': 'San Antonio Spurs', 'price': -110, 'point': 9.5}]}]}, {'key': 'betonlineag', 'title': 'BetOnline.ag', 'last_update': '2025-10-06T02:15:32Z', 'markets': [{'key': 'spreads', 'last_update': '2025-10-06T02:15:32Z', 'outcomes': [{'name': 'Oklahoma City Thunder', 'price': -110, 'point': -9.5}, {'name': 'San Antonio Spurs', 'price': -110, 'point': 9.5}]}]}, {'key': 'mybookieag', 'title': 'MyBookie.ag', 'last_update': '2025-10-06T02:15:34Z', 'markets': [{'key': 'h2h', 'last_update': '2025-10-06T02:15:34Z', 'outcomes': [{'name': 'Oklahoma City Thunder', 'price': -455}, {'name': 'San Antonio Spurs', 'price': 320}]}, {'key': 'spreads', 'last_update': '2025-10-06T02:15:34Z', 'outcomes': [{'name': 'Oklahoma City Thunder', 'price': -110, 'point': -9.5}, {'name': 'San Antonio Spurs', 'price': -110, 'point': 9.5}]}]}, {'key': 'betrivers', 'title': 'BetRivers', 'last_update': '2025-10-06T02:15:50Z', 'markets': [{'key': 'h2h', 'last_update': '2025-10-06T02:15:50Z', 'outcomes': [{'name': 'Oklahoma City Thunder', 'price': -420}, {'name': 'San Antonio Spurs', 'price': 310}]}, {'key': 'spreads', 'last_update': '2025-10-06T02:15:50Z', 'outcomes': [{'name': 'Oklahoma City Thunder', 'price': -112, 'point': -9.5}, {'name': 'San Antonio Spurs', 'price': -113, 'point': 9.5}]}]}]"
9010f7d8f26d5880c63b67355800f997,basketball_nba,NBA,2025-12-25T22:00:00Z,Golden State Warriors,Dallas Mavericks,"[{'key': 'draftkings', 'title': 'DraftKings', 'last_update': '2025-10-06T02:15:41Z', 'markets': [{'key': 'h2h', 'last_update': '2025-10-06T02:15:41Z', 'outcomes': [{'name': 'Dallas Mavericks', 'price': 154}, {'name': 'Golden State Warriors', 'price': -185}]}, {'key': 'spreads', 'last_update': '2025-10-06T02:15:41Z', 'outcomes': [{'name': 'Dallas Mavericks', 'price': -108, 'point': 4.5}, {'name': 'Golden State Warriors', 'price': -112, 'point': -4.5}]}]}, {'key': 'fanduel', 'title': 'FanDuel', 'last_update': '2025-10-06T02:14:06Z', 'markets': [{'key': 'h2h', 'last_update': '2025-10-06T02:14:06Z', 'outcomes': [{'name': 'Dallas Mavericks', 'price': 162}, {'name': 'Golden State Warriors', 'price': -190}]}, {'key': 'spreads', 'last_update': '2025-10-06T02:14:06Z', 'outcomes': [{'name': 'Dallas Mavericks', 'price': -110, 'point': 4.5}, {'name': 'Golden State Warriors', 'price': -110, 'point': -4.5}]}]}, {'key': 'lowvig', 'title': 'LowVig.ag', 'last_update': '2025-10-06T02:15:32Z', 'markets': [{'key': 'spreads', 'last_update': '2025-10-06T02:15:32Z', 'outcomes': [{'name': 'Dallas Mavericks', 'price': -106, 'point': 4.0}, {'name': 'Golden State Warriors', 'price': -106, 'point': -4.0}]}]}, {'key': 'bovada', 'title': 'Bovada', 'last_update': '2025-10-06T02:15:01Z', 'markets': [{'key': 'h2h', 'last_update': '2025-10-06T02:15:01Z', 'outcomes': [{'name': 'Dallas Mavericks', 'price': 165}, {'name': 'Golden State Warriors', 'price': -195}]}, {'key': 'spreads', 'last_update': '2025-10-06T02:15:01Z', 'outcomes': [{'name': 'Dallas Mavericks', 'price': -110, 'point': 4.5}, {'name': 'Golden State Warriors', 'price': -110, 'point': -4.5}]}]}, {'key': 'betonlineag', 'title': 'BetOnline.ag', 'last_update': '2025-10-06T02:15:32Z', 'markets': [{'key': 'spreads', 'last_update': '2025-10-06T02:15:32Z', 'outcomes': [{'name': 'Dallas Mavericks', 'price': -110, 'point': 4.0}, {'name': 'Golden State Warriors', 'price': -110, 'point': -4.0}]}]}, {'key': 'mybookieag', 'title': 'MyBookie.ag', 'last_update': '2025-10-06T02:15:34Z', 'markets': [{'key': 'h2h', 'last_update': '2025-10-06T02:15:34Z', 'outcomes': [{'name': 'Dallas Mavericks', 'price': 152}, {'name': 'Golden State Warriors', 'price': -196}]}, {'key': 'spreads', 'last_update': '2025-10-06T02:15:34Z', 'outcomes': [{'name': 'Dallas Mavericks', 'price': -110, 'point': 4.5}, {'name': 'Golden State Warriors', 'price': -110, 'point': -4.5}]}]}, {'key': 'betrivers', 'title': 'BetRivers', 'last_update': '2025-10-06T02:15:50Z', 'markets': [{'key': 'h2h', 'last_update': '2025-10-06T02:15:50Z', 'outcomes': [{'name': 'Dallas Mavericks', 'price': 160}, {'name': 'Golden State Warriors', 'price': -200}]}, {'key': 'spreads', 'last_update': '2025-10-06T02:15:50Z', 'outcomes': [{'name': 'Dallas Mavericks', 'price': -112, 'point': 4.5}, {'name': 'Golden State Warriors', 'price': -114, 'point': -4.5}]}]}]"
d54afb5b752a199f93e39afc2b39d091,basketball_nba,NBA,2025-12-26T01:00:00Z,Los Angeles Lakers,Houston Rockets,"[{'key': 'draftkings', 'title': 'DraftKings', 'last_update': '2025-10-06T02:15:41Z', 'markets': [{'key': 'h2h', 'last_update': '2025-10-06T02:15:41Z', 'outcomes': [{'name': 'Houston Rockets', 'price': 120}, {'name': 'Los Angeles Lakers', 'price': -142}]}, {'key': 'spreads', 'last_update': '2025-10-06T02:15:41Z', 'outcomes': [{'name': 'Houston Rockets', 'price': -108, 'point': 2.5}, {'name': 'Los Angeles Lakers', 'price': -112, 'point': -2.5}]}]}, {'key': 'fanduel', 'title': 'FanDuel', 'last_update': '2025-10-06T02:14:06Z', 'markets': [{'key': 'h2h', 'last_update': '2025-10-06T02:14:06Z', 'outcomes': [{'name': 'Houston Rockets', 'price': 120}, {'name': 'Los Angeles Lakers', 'price': -142}]}, {'key': 'spreads', 'last_update': '2025-10-06T02:14:06Z', 'outcomes': [{'name': 'Houston Rockets', 'price': -110, 'point': 2.5}, {'name': 'Los Angeles Lakers', 'price': -110, 'point': -2.5}]}]}, {'key': 'lowvig', 'title': 'LowVig.ag', 'last_update': '2025-10-06T02:15:32Z', 'markets': [{'key': 'spreads', 'last_update': '2025-10-06T02:15:32Z', 'outcomes': [{'name': 'Houston Rockets', 'price': -111, 'point': 1.5}, {'name': 'Los Angeles Lakers', 'price': -101, 'point': -1.5}]}]}, {'key': 'bovada', 'title': 'Bovada', 'last_update': '2025-10-06T02:15:01Z', 'markets': [{'key': 'h2h', 'last_update': '2025-10-06T02:15:01Z', 'outcomes': [{'name': 'Houston Rockets', 'price': 120}, {'name': 'Los Angeles Lakers', 'price': -140}]}, {'key': 'spreads', 'last_update': '2025-10-06T02:15:01Z', 'outcomes': [{'name': 'Houston Rockets', 'price': -110, 'point': 2.5}, {'name': 'Los Angeles Lakers', 'price': -110, 'point': -2.5}]}]}, {'key': 'betonlineag', 'title': 'BetOnline.ag', 'last_update': '2025-10-06T02:15:32Z', 'markets': [{'key': 'spreads', 'last_update': '2025-10-06T02:15:32Z', 'outcomes': [{'name': 'Houston Rockets', 'price': -115, 'point': 1.5}, {'name': 'Los Angeles Lakers', 'price': -105, 'point': -1.5}]}]}, {'key': 'mybookieag', 'title': 'MyBookie.ag', 'last_update': '2025-10-06T02:15:34Z', 'markets': [{'key': 'h2h', 'last_update': '2025-10-06T02:15:34Z', 'outcomes': [{'name': 'Houston Rockets', 'price': 112}, {'name': 'Los Angeles Lakers', 'price': -143}]}, {'key': 'spreads', 'last_update': '2025-10-06T02:15:34Z', 'outcomes': [{'name': 'Houston Rockets', 'price': -110, 'point': 2.5}, {'name': 'Los Angeles Lakers', 'price': -110, 'point': -2.5}]}]}]"
6b9d46fb1b22af30b771b5f6b8a4c6f8,basketball_nba,NBA,2025-12-26T03:30:00Z,Denver Nuggets,Minnesota Timberwolves,"[{'key': 'draftkings', 'title': 'DraftKings', 'last_update': '2025-10-06T02:15:41Z', 'markets': [{'key': 'h2h', 'last_update': '2025-10-06T02:15:41Z', 'outcomes': [{'name': 'Denver Nuggets', 'price': -205}, {'name': 'Minnesota Timberwolves', 'price': 170}]}, {'key': 'spreads', 'last_update': '2025-10-06T02:15:41Z', 'outcomes': [{'name': 'Denver Nuggets', 'price': -115, 'point': -5.0}, {'name': 'Minnesota Timberwolves', 'price': -105, 'point': 5.0}]}]}, {'key': 'fanduel', 'title': 'FanDuel', 'last_update': '2025-10-06T02:14:06Z', 'markets': [{'key': 'h2h', 'last_update': '2025-10-06T02:14:06Z', 'outcomes': [{'name': 'Denver Nuggets', 'price': -180}, {'name': 'Minnesota Timberwolves', 'price': 152}]}, {'key': 'spreads', 'last_update': '2025-10-06T02:14:06Z', 'outcomes': [{'name': 'Denver Nuggets', 'price': -108, 'point': -4.5}, {'name': 'Minnesota Timberwolves', 'price': -112, 'point': 4.5}]}]}, {'key': 'lowvig', 'title': 'LowVig.ag', 'last_update': '2025-10-06T02:15:32Z', 'markets': [{'key': 'spreads', 'last_update': '2025-10-06T02:15:32Z', 'outcomes': [{'name': 'Denver Nuggets', 'price': -111, 'point': -4.5}, {'name': 'Minnesota Timberwolves', 'price': -101, 'point': 4.5}]}]}, {'key': 'bovada', 'title': 'Bovada', 'last_update': '2025-10-06T02:15:01Z', 'markets': [{'key': 'h2h', 'last_update': '2025-10-06T02:15:01Z', 'outcomes': [{'name': 'Denver Nuggets', 'price': -195}, {'name': 'Minnesota Timberwolves', 'price': 165}]}, {'key': 'spreads', 'last_update': '2025-10-06T02:15:01Z', 'outcomes': [{'name': 'Denver Nuggets', 'price': -110, 'point': -4.5}, {'name': 'Minnesota Timberwolves', 'price': -110, 'point': 4.5}]}]}, {'key': 'betonlineag', 'title': 'BetOnline.ag', 'last_update': '2025-10-06T02:15:32Z', 'markets': [{'key': 'spreads', 'last_update': '2025-10-06T02:15:32Z', 'outcomes': [{'name': 'Denver Nuggets', 'price': -115, 'point': -4.5}, {'name': 'Minnesota Timberwolves', 'price': -105, 'point': 4.5}]}]}, {'key': 'mybookieag', 'title': 'MyBookie.ag', 'last_update': '2025-10-06T02:15:34Z', 'markets': [{'key': 'h2h', 'last_update': '2025-10-06T02:15:34Z', 'outcomes': [{'name': 'Denver Nuggets', 'price': -200}, {'name': 'Minnesota Timberwolves', 'price': 155}]}, {'key': 'spreads', 'last_update': '2025-10-06T02:15:34Z', 'outcomes': [{'name': 'Denver Nuggets', 'price': -110, 'point': -4.5}, {'name': 'Minnesota Timberwolves', 'price': -110, 'point': 4.5}]}]}, {'key': 'betrivers', 'title': 'BetRivers', 'last_update': '2025-10-06T02:15:50Z', 'markets': [{'key': 'h2h', 'last_update': '2025-10-06T02:15:50Z', 'outcomes': [{'name': 'Denver Nuggets', 'price': -195}, {'name': 'Minnesota Timberwolves', 'price': 150}]}, {'key': 'spreads', 'last_update': '2025-10-06T02:15:50Z', 'outcomes': [{'name': 'Denver Nuggets', 'price': -109, 'point': -4.5}, {'name': 'Minnesota Timberwolves', 'price': -115, 'point': 4.5}]}]}]"
60b04efecd19028a2eb20c81649abaf1,basketball_nba,NBA,2026-01-19T18:00:00Z,Atlanta Hawks,Milwaukee Bucks,"[{'key': 'draftkings', 'title': 'DraftKings', 'last_update': '2025-10-06T02:15:41Z', 'markets': [{'key': 'h2h', 'last_update': '2025-10-06T02:15:41Z', 'outcomes': [{'name': 'Atlanta Hawks', 'price': -198}, {'name': 'Milwaukee Bucks', 'price': 164}]}, {'key': 'spreads', 'last_update': '2025-10-06T02:15:41Z', 'outcomes': [{'name': 'Atlanta Hawks', 'price': -110, 'point': -5.0}, {'name': 'Milwaukee Bucks', 'price': -110, 'point': 5.0}]}]}]"
d9b1ce3cf25e2645fdb24e89d4f1a38e,basketball_nba,NBA,2026-01-19T19:30:00Z,Cleveland Cavaliers,Oklahoma City Thunder,"[{'key': 'draftkings', 'title': 'DraftKings', 'last_update': '2025-10-06T02:15:41Z', 'markets': [{'key': 'h2h', 'last_update': '2025-10-06T02:15:41Z', 'outcomes': [{'name': 'Cleveland Cavaliers', 'price': -110}, {'name': 'Oklahoma City Thunder', 'price': -110}]}, {'key': 'spreads', 'last_update': '2025-10-06T02:15:41Z', 'outcomes': [{'name': 'Cleveland Cavaliers', 'price': -105, 'point': -1.0}, {'name': 'Oklahoma City Thunder', 'price': -115, 'point': 1.0}]}]}]"
e7f04ed48f026208a6d078b5b3bc118b,basketball_nba,NBA,2026-01-19T22:00:00Z,New York Knicks,Dallas Mavericks,"[{'key': 'draftkings', 'title': 'DraftKings', 'last_update': '2025-10-06T02:15:41Z', 'markets': [{'key': 'h2h', 'last_update': '2025-10-06T02:15:41Z', 'outcomes': [{'name': 'Dallas Mavericks', 'price': 200}, {'name': 'New York Knicks', 'price': -245}]}, {'key': 'spreads', 'last_update': '2025-10-06T02:15:41Z', 'outcomes': [{'name': 'Dallas Mavericks', 'price': -110, 'point': 6.0}, {'name': 'New York Knicks', 'price': -110, 'point': -6.0}]}]}]"
df230babfc6ef1362f740fbb16136e77,basketball_nba,NBA,2026-01-20T01:00:00Z,Detroit Pistons,Boston Celtics,"[{'key': 'draftkings', 'title': 'DraftKings', 'last_update': '2025-10-06T02:15:41Z', 'markets': [{'key': 'h2h', 'last_update': '2025-10-06T02:15:41Z', 'outcomes': [{'name': 'Boston Celtics', 'price': 154}, {'name': 'Detroit Pistons', 'price': -185}]}, {'key': 'spreads', 'last_update': '2025-10-06T02:15:41Z', 'outcomes': [{'name': 'Boston Celtics', 'price': -110, 'point': 4.5}, {'name': 'Detroit Pistons', 'price': -110, 'point': -4.5}]}]}]"
